,Table_Name,SQL_Type,SQL_Query,NLP_Query
0,Diabetes,select all,SELECT * FROM Diabetes;,Show all records from Diabetes.
1,Health_Care,select all,SELECT * FROM Health_Care;,Show all records from Health_Care.
2,Penguin,select all,SELECT * FROM Penguin;,Show all records from Penguin.
3,Titanic,select all,SELECT * FROM Titanic;,Show all records from Titanic.
4,Heart,select all,SELECT * FROM Heart;,Show all records from Heart.
5,HealtheLink,select all,SELECT * FROM HealtheLink;,Show all records from HealtheLink.
6,Diabetes,select count of filter,SELECT COUNT(diatinct patient_id) FROM Diabetes WHERE Age = 22;,how many diabetic patients in Diabetes with a Age is 22;
7,Diabetes,select count of filter,SELECT COUNT(diatinct patient_id) FROM Diabetes WHERE BMI = 32;,how many diabetic patients in Diabetes with a BMI is 32;
8,Diabetes,select count of filter,SELECT COUNT(diatinct patient_id) FROM Diabetes WHERE BloodPressure = 70;,how many diabetic patients in Diabetes with a BloodPressure is 70;
9,Diabetes,select count of filter,SELECT COUNT(diatinct patient_id) FROM Diabetes WHERE DiabetesPedigreeFunction = 0.254;,how many diabetic patients in Diabetes with a DiabetesPedigreeFunction is 0.254;
10,Diabetes,select count of filter,SELECT COUNT(diatinct patient_id) FROM Diabetes WHERE Glucose = 99;,how many diabetic patients in Diabetes with a Glucose is 99;
11,Diabetes,select count of filter,SELECT COUNT(diatinct patient_id) FROM Diabetes WHERE Insulin = 0;,how many diabetic patients in Diabetes with a Insulin is 0;
12,Diabetes,select count of filter,SELECT COUNT(diatinct patient_id) FROM Diabetes WHERE Outcome = 0;,how many diabetic patients in Diabetes with a Outcome is 0;
13,Diabetes,select count of filter,SELECT COUNT(diatinct patient_id) FROM Diabetes WHERE Pregnancies = 1;,how many diabetic patients in Diabetes with a Pregnancies is 1;
14,Diabetes,select count of filter,SELECT COUNT(diatinct patient_id) FROM Diabetes WHERE SkinThickness = 0;,how many diabetic patients in Diabetes with a SkinThickness is 0;
15,Health_Care,select count of filter,SELECT COUNT(diatinct PatientId) FROM Health_Care WHERE Admission_Type = 'Elective';,how many people in Health_Care with a Admission_Type is 'Elective';
16,Health_Care,select count of filter,SELECT COUNT(diatinct PatientId) FROM Health_Care WHERE Age = 38;,how many people in Health_Care with a Age is 38;
17,Health_Care,select count of filter,SELECT COUNT(diatinct PatientId) FROM Health_Care WHERE Billing_Amount = -1316.618581294982;,how many people in Health_Care with a Billing_Amount is -1316.618581294982;
18,Health_Care,select count of filter,SELECT COUNT(diatinct PatientId) FROM Health_Care WHERE Blood_Type = 'A-';,how many people in Health_Care with a Blood_Type is 'A-';
19,Health_Care,select count of filter,SELECT COUNT(diatinct PatientId) FROM Health_Care WHERE Date_of_Admission = '2024-03-16';,how many people in Health_Care with a Date_of_Admission is '2024-03-16';
20,Health_Care,select count of filter,SELECT COUNT(diatinct PatientId) FROM Health_Care WHERE Discharge_Date = '2020-03-15';,how many people in Health_Care with a Discharge_Date is '2020-03-15';
21,Health_Care,select count of filter,SELECT COUNT(diatinct PatientId) FROM Health_Care WHERE Doctor = 'Michael Smith';,how many people in Health_Care with a Doctor is 'Michael Smith';
22,Health_Care,select count of filter,SELECT COUNT(diatinct PatientId) FROM Health_Care WHERE Gender = 'Male';,how many people in Health_Care with a Gender is 'Male';
23,Health_Care,select count of filter,SELECT COUNT(diatinct PatientId) FROM Health_Care WHERE Hospital = 'LLC Smith';,how many people in Health_Care with a Hospital is 'LLC Smith';
24,Health_Care,select count of filter,SELECT COUNT(diatinct PatientId) FROM Health_Care WHERE Insurance_Provider = 'Cigna';,how many people in Health_Care with a Insurance_Provider is 'Cigna';
25,Health_Care,select count of filter,SELECT COUNT(diatinct PatientId) FROM Health_Care WHERE Medical_Condition = 'Arthritis';,how many people in Health_Care with a Medical_Condition is 'Arthritis';
26,Health_Care,select count of filter,SELECT COUNT(diatinct PatientId) FROM Health_Care WHERE Medication = 'Lipitor';,how many people in Health_Care with a Medication is 'Lipitor';
27,Health_Care,select count of filter,SELECT COUNT(diatinct PatientId) FROM Health_Care WHERE Name = 'DAvId muNoZ';,how many people in Health_Care with a Name is 'DAvId muNoZ';
28,Health_Care,select count of filter,SELECT COUNT(diatinct PatientId) FROM Health_Care WHERE Room_Number = 393;,how many people in Health_Care with a Room_Number is 393;
29,Health_Care,select count of filter,SELECT COUNT(diatinct PatientId) FROM Health_Care WHERE Test_Results = 'Abnormal';,how many people in Health_Care with a Test_Results is 'Abnormal';
30,Penguin,select count of filter,SELECT COUNT(diatinct sample_number) FROM Penguin WHERE body_mass_(g) = 3800;,how many penguins in Penguin with a body_mass_(g) is 3800;
31,Penguin,select count of filter,SELECT COUNT(diatinct sample_number) FROM Penguin WHERE clutch_completion = 'Yes';,how many penguins in Penguin with a clutch_completion is 'Yes';
32,Penguin,select count of filter,SELECT COUNT(diatinct sample_number) FROM Penguin WHERE comments = 'Nest never observed with full clutch.';,how many penguins in Penguin with a comments is 'Nest never observed with full clutch.';
33,Penguin,select count of filter,SELECT COUNT(diatinct sample_number) FROM Penguin WHERE culmen_depth_(mm) = 17;,how many penguins in Penguin with a culmen_depth_(mm) is 17;
34,Penguin,select count of filter,SELECT COUNT(diatinct sample_number) FROM Penguin WHERE culmen_length_(mm) = 41.1;,how many penguins in Penguin with a culmen_length_(mm) is 41.1;
35,Penguin,select count of filter,SELECT COUNT(diatinct sample_number) FROM Penguin WHERE date_egg = '11/27/2007';,how many penguins in Penguin with a date_egg is '11/27/2007';
36,Penguin,select count of filter,SELECT COUNT(diatinct sample_number) FROM Penguin WHERE delta_13_c_(o/oo) = -27.01854;,how many penguins in Penguin with a delta_13_c_(o/oo) is -27.01854;
37,Penguin,select count of filter,SELECT COUNT(diatinct sample_number) FROM Penguin WHERE delta_15_n_(o/oo) = 7.6322;,how many penguins in Penguin with a delta_15_n_(o/oo) is 7.6322;
38,Penguin,select count of filter,SELECT COUNT(diatinct sample_number) FROM Penguin WHERE flipper_length_(mm) = 190;,how many penguins in Penguin with a flipper_length_(mm) is 190;
39,Penguin,select count of filter,SELECT COUNT(diatinct sample_number) FROM Penguin WHERE individual_id = 'N13A1';,how many penguins in Penguin with a individual_id is 'N13A1';
40,Penguin,select count of filter,SELECT COUNT(diatinct sample_number) FROM Penguin WHERE island = 'Biscoe';,how many penguins in Penguin with a island is 'Biscoe';
41,Penguin,select count of filter,SELECT COUNT(diatinct sample_number) FROM Penguin WHERE region = 'Anvers';,how many penguins in Penguin with a region is 'Anvers';
42,Penguin,select count of filter,SELECT COUNT(diatinct sample_number) FROM Penguin WHERE sample_number = 1;,how many penguins in Penguin with a sample_number is 1;
43,Penguin,select count of filter,SELECT COUNT(diatinct sample_number) FROM Penguin WHERE sex = 'MALE';,how many penguins in Penguin with a sex is 'MALE';
44,Penguin,select count of filter,SELECT COUNT(diatinct sample_number) FROM Penguin WHERE species = 'Adelie';,how many penguins in Penguin with a species is 'Adelie';
45,Penguin,select count of filter,SELECT COUNT(diatinct sample_number) FROM Penguin WHERE species_full = 'Adelie Penguin (Pygoscelis adeliae)';,how many penguins in Penguin with a species_full is 'Adelie Penguin (Pygoscelis adeliae)';
46,Penguin,select count of filter,"SELECT COUNT(diatinct sample_number) FROM Penguin WHERE stage = 'Adult, 1 Egg Stage';","how many penguins in Penguin with a stage is 'Adult, 1 Egg Stage';"
47,Penguin,select count of filter,SELECT COUNT(diatinct sample_number) FROM Penguin WHERE studyname = 'PAL0910';,how many penguins in Penguin with a studyname is 'PAL0910';
48,Titanic,select count of filter,SELECT COUNT(diatinct PassengerId) FROM Titanic WHERE age = 24;,how many passengers in Titanic with a age is 24;
49,Titanic,select count of filter,SELECT COUNT(diatinct PassengerId) FROM Titanic WHERE age_wiki = 22;,how many passengers in Titanic with a age_wiki is 22;
50,Titanic,select count of filter,SELECT COUNT(diatinct PassengerId) FROM Titanic WHERE boarded = 'Southampton';,how many passengers in Titanic with a boarded is 'Southampton';
51,Titanic,select count of filter,SELECT COUNT(diatinct PassengerId) FROM Titanic WHERE body = '101MB';,how many passengers in Titanic with a body is '101MB';
52,Titanic,select count of filter,SELECT COUNT(diatinct PassengerId) FROM Titanic WHERE cabin = 'Unknown cabin';,how many passengers in Titanic with a cabin is 'Unknown cabin';
53,Titanic,select count of filter,SELECT COUNT(diatinct PassengerId) FROM Titanic WHERE class = 3;,how many passengers in Titanic with a class is 3;
54,Titanic,select count of filter,SELECT COUNT(diatinct PassengerId) FROM Titanic WHERE destination = 'New York City';,how many passengers in Titanic with a destination is 'New York City';
55,Titanic,select count of filter,SELECT COUNT(diatinct PassengerId) FROM Titanic WHERE embarked = 'S';,how many passengers in Titanic with a embarked is 'S';
56,Titanic,select count of filter,SELECT COUNT(diatinct PassengerId) FROM Titanic WHERE fare = 8.05;,how many passengers in Titanic with a fare is 8.05;
57,Titanic,select count of filter,"SELECT COUNT(diatinct PassengerId) FROM Titanic WHERE hometown = 'New York, New York, US';","how many passengers in Titanic with a hometown is 'New York, New York, US';"
58,Titanic,select count of filter,SELECT COUNT(diatinct PassengerId) FROM Titanic WHERE lifeboat = '13';,how many passengers in Titanic with a lifeboat is '13';
59,Titanic,select count of filter,"SELECT COUNT(diatinct PassengerId) FROM Titanic WHERE name = 'Connolly, Miss. Kate';","how many passengers in Titanic with a name is 'Connolly, Miss. Kate';"
60,Titanic,select count of filter,"SELECT COUNT(diatinct PassengerId) FROM Titanic WHERE name_wiki = 'Kelly, Mr. James';","how many passengers in Titanic with a name_wiki is 'Kelly, Mr. James';"
61,Titanic,select count of filter,SELECT COUNT(diatinct PassengerId) FROM Titanic WHERE parch = 0;,how many passengers in Titanic with a parch is 0;
62,Titanic,select count of filter,SELECT COUNT(diatinct PassengerId) FROM Titanic WHERE passengerid = 1;,how many passengers in Titanic with a passengerid is 1;
63,Titanic,select count of filter,SELECT COUNT(diatinct PassengerId) FROM Titanic WHERE pclass = 3;,how many passengers in Titanic with a pclass is 3;
64,Titanic,select count of filter,SELECT COUNT(diatinct PassengerId) FROM Titanic WHERE sex = 'male';,how many passengers in Titanic with a sex is 'male';
65,Titanic,select count of filter,SELECT COUNT(diatinct PassengerId) FROM Titanic WHERE sibsp = 0;,how many passengers in Titanic with a sibsp is 0;
66,Titanic,select count of filter,SELECT COUNT(diatinct PassengerId) FROM Titanic WHERE survived = 0;,how many passengers in Titanic with a survived is 0;
67,Titanic,select count of filter,SELECT COUNT(diatinct PassengerId) FROM Titanic WHERE ticket = 'CA. 2343';,how many passengers in Titanic with a ticket is 'CA. 2343';
68,Titanic,select count of filter,SELECT COUNT(diatinct PassengerId) FROM Titanic WHERE wikiid = 1;,how many passengers in Titanic with a wikiid is 1;
69,Heart,select count of filter,SELECT COUNT(diatinct patient_id) FROM Heart WHERE age = 54;,how many patients in Heart with a age is 54;
70,Heart,select count of filter,SELECT COUNT(diatinct patient_id) FROM Heart WHERE chestpaintype = 'ASY';,how many patients in Heart with a chestpaintype is 'ASY';
71,Heart,select count of filter,SELECT COUNT(diatinct patient_id) FROM Heart WHERE cholesterol = 0;,how many patients in Heart with a cholesterol is 0;
72,Heart,select count of filter,SELECT COUNT(diatinct patient_id) FROM Heart WHERE exerciseangina = 'N';,how many patients in Heart with a exerciseangina is 'N';
73,Heart,select count of filter,SELECT COUNT(diatinct patient_id) FROM Heart WHERE fastingbs = 0;,how many patients in Heart with a fastingbs is 0;
74,Heart,select count of filter,SELECT COUNT(diatinct patient_id) FROM Heart WHERE heartdisease = 1;,how many patients in Heart with a heartdisease is 1;
75,Heart,select count of filter,SELECT COUNT(diatinct patient_id) FROM Heart WHERE maxhr = 150;,how many patients in Heart with a maxhr is 150;
76,Heart,select count of filter,SELECT COUNT(diatinct patient_id) FROM Heart WHERE oldpeak = 0;,how many patients in Heart with a oldpeak is 0;
77,Heart,select count of filter,SELECT COUNT(diatinct patient_id) FROM Heart WHERE restingbp = 120;,how many patients in Heart with a restingbp is 120;
78,Heart,select count of filter,SELECT COUNT(diatinct patient_id) FROM Heart WHERE restingecg = 'Normal';,how many patients in Heart with a restingecg is 'Normal';
79,Heart,select count of filter,SELECT COUNT(diatinct patient_id) FROM Heart WHERE sex = 'M';,how many patients in Heart with a sex is 'M';
80,Heart,select count of filter,SELECT COUNT(diatinct patient_id) FROM Heart WHERE st_slope = 'Flat';,how many patients in Heart with a st_slope is 'Flat';
81,HealtheLink,select count of filter,SELECT COUNT(diatinct Research_ID) FROM HealtheLink WHERE ADI_National = 'UNKNOWN';,how many WNY Patients in HealtheLink with a ADI_National is 'UNKNOWN';
82,HealtheLink,select count of filter,SELECT COUNT(diatinct Research_ID) FROM HealtheLink WHERE ADI_State = '10';,how many WNY Patients in HealtheLink with a ADI_State is '10';
83,HealtheLink,select count of filter,SELECT COUNT(diatinct Research_ID) FROM HealtheLink WHERE Age = 18;,how many WNY Patients in HealtheLink with a Age is 18;
84,HealtheLink,select count of filter,SELECT COUNT(diatinct Research_ID) FROM HealtheLink WHERE Asthma = 'N';,how many WNY Patients in HealtheLink with a Asthma is 'N';
85,HealtheLink,select count of filter,SELECT COUNT(diatinct Research_ID) FROM HealtheLink WHERE BP_Control = 'Yes';,how many WNY Patients in HealtheLink with a BP_Control is 'Yes';
86,HealtheLink,select count of filter,SELECT COUNT(diatinct Research_ID) FROM HealtheLink WHERE BP_Result = '128/80';,how many WNY Patients in HealtheLink with a BP_Result is '128/80';
87,HealtheLink,select count of filter,SELECT COUNT(diatinct Research_ID) FROM HealtheLink WHERE Breast_Cancer_Screening = 'N';,how many WNY Patients in HealtheLink with a Breast_Cancer_Screening is 'N';
88,HealtheLink,select count of filter,SELECT COUNT(diatinct Research_ID) FROM HealtheLink WHERE Cervical_Cancer_Screening = 'N';,how many WNY Patients in HealtheLink with a Cervical_Cancer_Screening is 'N';
89,HealtheLink,select count of filter,SELECT COUNT(diatinct Research_ID) FROM HealtheLink WHERE Colorectal_Cancer_Screening = 'N';,how many WNY Patients in HealtheLink with a Colorectal_Cancer_Screening is 'N';
90,HealtheLink,select count of filter,SELECT COUNT(diatinct Research_ID) FROM HealtheLink WHERE County = 'ERIE';,how many WNY Patients in HealtheLink with a County is 'ERIE';
91,HealtheLink,select count of filter,SELECT COUNT(diatinct Research_ID) FROM HealtheLink WHERE Diabetes = 'N';,how many WNY Patients in HealtheLink with a Diabetes is 'N';
92,HealtheLink,select count of filter,SELECT COUNT(diatinct Research_ID) FROM HealtheLink WHERE Diabetes_Poor_Control = 'Yes';,how many WNY Patients in HealtheLink with a Diabetes_Poor_Control is 'Yes';
93,HealtheLink,select count of filter,SELECT COUNT(diatinct Research_ID) FROM HealtheLink WHERE Diabetes_Type = 'Type 2';,how many WNY Patients in HealtheLink with a Diabetes_Type is 'Type 2';
94,HealtheLink,select count of filter,SELECT COUNT(diatinct Research_ID) FROM HealtheLink WHERE Ethnicity = 'NOT HISPANIC OR LATINO';,how many WNY Patients in HealtheLink with a Ethnicity is 'NOT HISPANIC OR LATINO';
95,HealtheLink,select count of filter,SELECT COUNT(diatinct Research_ID) FROM HealtheLink WHERE HbA1c_Result = 10;,how many WNY Patients in HealtheLink with a HbA1c_Result is 10;
96,HealtheLink,select count of filter,SELECT COUNT(diatinct Research_ID) FROM HealtheLink WHERE Hypertension = 'N';,how many WNY Patients in HealtheLink with a Hypertension is 'N';
97,HealtheLink,select count of filter,SELECT COUNT(diatinct Research_ID) FROM HealtheLink WHERE Obesity = 'N';,how many WNY Patients in HealtheLink with a Obesity is 'N';
98,HealtheLink,select count of filter,SELECT COUNT(diatinct Research_ID) FROM HealtheLink WHERE PD_Type = 'Diagnosed';,how many WNY Patients in HealtheLink with a PD_Type is 'Diagnosed';
99,HealtheLink,select count of filter,SELECT COUNT(diatinct Research_ID) FROM HealtheLink WHERE PreDiabetes = 'N';,how many WNY Patients in HealtheLink with a PreDiabetes is 'N';
100,HealtheLink,select count of filter,SELECT COUNT(diatinct Research_ID) FROM HealtheLink WHERE Race_Level_1 = 'WHITE';,how many WNY Patients in HealtheLink with a Race_Level_1 is 'WHITE';
101,HealtheLink,select count of filter,SELECT COUNT(diatinct Research_ID) FROM HealtheLink WHERE Race_Level_2 = 'WHITE';,how many WNY Patients in HealtheLink with a Race_Level_2 is 'WHITE';
102,HealtheLink,select count of filter,SELECT COUNT(diatinct Research_ID) FROM HealtheLink WHERE Research_ID = 724902;,how many WNY Patients in HealtheLink with a Research_ID is 724902;
103,HealtheLink,select count of filter,SELECT COUNT(diatinct Research_ID) FROM HealtheLink WHERE Sex = 'FEMALE';,how many WNY Patients in HealtheLink with a Sex is 'FEMALE';
104,HealtheLink,select count of filter,SELECT COUNT(diatinct Research_ID) FROM HealtheLink WHERE Tobacco = 'N';,how many WNY Patients in HealtheLink with a Tobacco is 'N';
105,HealtheLink,select count of filter,SELECT COUNT(diatinct Research_ID) FROM HealtheLink WHERE Year = 2019;,how many WNY Patients in HealtheLink with a Year is 2019;
106,HealtheLink,select count of filter,SELECT COUNT(diatinct Research_ID) FROM HealtheLink WHERE Zip_Code = 14094;,how many WNY Patients in HealtheLink with a Zip_Code is 14094;
107,Diabetes,select count of category,SELECT COUNT(distinct patient_id) FROM Diabetes WHERE outcome = 1;,How many diabetic patients where outcome is 1;
108,Diabetes,select count of category,SELECT COUNT(distinct patient_id) FROM Diabetes WHERE outcome = 0;,How many diabetic patients where outcome is 0;
109,Diabetes,select count of category,SELECT COUNT(distinct patient_id) FROM Diabetes WHERE pregnancies = 6;,How many diabetic patients where pregnancies is 6;
110,Diabetes,select count of category,SELECT COUNT(distinct patient_id) FROM Diabetes WHERE pregnancies = 1;,How many diabetic patients where pregnancies is 1;
111,Diabetes,select count of category,SELECT COUNT(distinct patient_id) FROM Diabetes WHERE pregnancies = 8;,How many diabetic patients where pregnancies is 8;
112,Diabetes,select count of category,SELECT COUNT(distinct patient_id) FROM Diabetes WHERE pregnancies = 0;,How many diabetic patients where pregnancies is 0;
113,Diabetes,select count of category,SELECT COUNT(distinct patient_id) FROM Diabetes WHERE pregnancies = 5;,How many diabetic patients where pregnancies is 5;
114,Diabetes,select count of category,SELECT COUNT(distinct patient_id) FROM Diabetes WHERE pregnancies = 3;,How many diabetic patients where pregnancies is 3;
115,Diabetes,select count of category,SELECT COUNT(distinct patient_id) FROM Diabetes WHERE pregnancies = 10;,How many diabetic patients where pregnancies is 10;
116,Diabetes,select count of category,SELECT COUNT(distinct patient_id) FROM Diabetes WHERE pregnancies = 2;,How many diabetic patients where pregnancies is 2;
117,Diabetes,select count of category,SELECT COUNT(distinct patient_id) FROM Diabetes WHERE pregnancies = 4;,How many diabetic patients where pregnancies is 4;
118,Diabetes,select count of category,SELECT COUNT(distinct patient_id) FROM Diabetes WHERE pregnancies = 7;,How many diabetic patients where pregnancies is 7;
119,Diabetes,select count of category,SELECT COUNT(distinct patient_id) FROM Diabetes WHERE pregnancies = 9;,How many diabetic patients where pregnancies is 9;
120,Diabetes,select count of category,SELECT COUNT(distinct patient_id) FROM Diabetes WHERE pregnancies = 11;,How many diabetic patients where pregnancies is 11;
121,Diabetes,select count of category,SELECT COUNT(distinct patient_id) FROM Diabetes WHERE pregnancies = 13;,How many diabetic patients where pregnancies is 13;
122,Diabetes,select count of category,SELECT COUNT(distinct patient_id) FROM Diabetes WHERE pregnancies = 15;,How many diabetic patients where pregnancies is 15;
123,Diabetes,select count of category,SELECT COUNT(distinct patient_id) FROM Diabetes WHERE pregnancies = 17;,How many diabetic patients where pregnancies is 17;
124,Diabetes,select count of category,SELECT COUNT(distinct patient_id) FROM Diabetes WHERE pregnancies = 12;,How many diabetic patients where pregnancies is 12;
125,Diabetes,select count of category,SELECT COUNT(distinct patient_id) FROM Diabetes WHERE pregnancies = 14;,How many diabetic patients where pregnancies is 14;
126,Health_Care,select count of category,SELECT COUNT(distinct PatientId) FROM Health_Care WHERE Admission_Type = 6;,How many people where Admission_Type is 6;
127,Health_Care,select count of category,SELECT COUNT(distinct PatientId) FROM Health_Care WHERE Admission_Type = 1;,How many people where Admission_Type is 1;
128,Health_Care,select count of category,SELECT COUNT(distinct PatientId) FROM Health_Care WHERE Admission_Type = 8;,How many people where Admission_Type is 8;
129,Health_Care,select count of category,SELECT COUNT(distinct PatientId) FROM Health_Care WHERE Admission_Type = 0;,How many people where Admission_Type is 0;
130,Health_Care,select count of category,SELECT COUNT(distinct PatientId) FROM Health_Care WHERE Admission_Type = 5;,How many people where Admission_Type is 5;
131,Health_Care,select count of category,SELECT COUNT(distinct PatientId) FROM Health_Care WHERE Admission_Type = 3;,How many people where Admission_Type is 3;
132,Health_Care,select count of category,SELECT COUNT(distinct PatientId) FROM Health_Care WHERE Admission_Type = 10;,How many people where Admission_Type is 10;
133,Health_Care,select count of category,SELECT COUNT(distinct PatientId) FROM Health_Care WHERE Admission_Type = 2;,How many people where Admission_Type is 2;
134,Health_Care,select count of category,SELECT COUNT(distinct PatientId) FROM Health_Care WHERE Admission_Type = 4;,How many people where Admission_Type is 4;
135,Health_Care,select count of category,SELECT COUNT(distinct PatientId) FROM Health_Care WHERE Admission_Type = 7;,How many people where Admission_Type is 7;
136,Health_Care,select count of category,SELECT COUNT(distinct PatientId) FROM Health_Care WHERE Admission_Type = 9;,How many people where Admission_Type is 9;
137,Health_Care,select count of category,SELECT COUNT(distinct PatientId) FROM Health_Care WHERE Admission_Type = 11;,How many people where Admission_Type is 11;
138,Health_Care,select count of category,SELECT COUNT(distinct PatientId) FROM Health_Care WHERE Admission_Type = 13;,How many people where Admission_Type is 13;
139,Health_Care,select count of category,SELECT COUNT(distinct PatientId) FROM Health_Care WHERE Admission_Type = 15;,How many people where Admission_Type is 15;
140,Health_Care,select count of category,SELECT COUNT(distinct PatientId) FROM Health_Care WHERE Admission_Type = 17;,How many people where Admission_Type is 17;
141,Health_Care,select count of category,SELECT COUNT(distinct PatientId) FROM Health_Care WHERE Admission_Type = 12;,How many people where Admission_Type is 12;
142,Health_Care,select count of category,SELECT COUNT(distinct PatientId) FROM Health_Care WHERE Admission_Type = 14;,How many people where Admission_Type is 14;
143,Health_Care,select count of category,SELECT COUNT(distinct PatientId) FROM Health_Care WHERE Age = 6;,How many people where Age is 6;
144,Health_Care,select count of category,SELECT COUNT(distinct PatientId) FROM Health_Care WHERE Age = 1;,How many people where Age is 1;
145,Health_Care,select count of category,SELECT COUNT(distinct PatientId) FROM Health_Care WHERE Age = 8;,How many people where Age is 8;
146,Health_Care,select count of category,SELECT COUNT(distinct PatientId) FROM Health_Care WHERE Age = 0;,How many people where Age is 0;
147,Health_Care,select count of category,SELECT COUNT(distinct PatientId) FROM Health_Care WHERE Age = 5;,How many people where Age is 5;
148,Health_Care,select count of category,SELECT COUNT(distinct PatientId) FROM Health_Care WHERE Age = 3;,How many people where Age is 3;
149,Health_Care,select count of category,SELECT COUNT(distinct PatientId) FROM Health_Care WHERE Age = 10;,How many people where Age is 10;
150,Health_Care,select count of category,SELECT COUNT(distinct PatientId) FROM Health_Care WHERE Age = 2;,How many people where Age is 2;
151,Health_Care,select count of category,SELECT COUNT(distinct PatientId) FROM Health_Care WHERE Age = 4;,How many people where Age is 4;
152,Health_Care,select count of category,SELECT COUNT(distinct PatientId) FROM Health_Care WHERE Age = 7;,How many people where Age is 7;
153,Health_Care,select count of category,SELECT COUNT(distinct PatientId) FROM Health_Care WHERE Age = 9;,How many people where Age is 9;
154,Health_Care,select count of category,SELECT COUNT(distinct PatientId) FROM Health_Care WHERE Age = 11;,How many people where Age is 11;
155,Health_Care,select count of category,SELECT COUNT(distinct PatientId) FROM Health_Care WHERE Age = 13;,How many people where Age is 13;
156,Health_Care,select count of category,SELECT COUNT(distinct PatientId) FROM Health_Care WHERE Age = 15;,How many people where Age is 15;
157,Health_Care,select count of category,SELECT COUNT(distinct PatientId) FROM Health_Care WHERE Age = 17;,How many people where Age is 17;
158,Health_Care,select count of category,SELECT COUNT(distinct PatientId) FROM Health_Care WHERE Age = 12;,How many people where Age is 12;
159,Health_Care,select count of category,SELECT COUNT(distinct PatientId) FROM Health_Care WHERE Age = 14;,How many people where Age is 14;
160,Health_Care,select count of category,SELECT COUNT(distinct PatientId) FROM Health_Care WHERE Blood_Type = 6;,How many people where Blood_Type is 6;
161,Health_Care,select count of category,SELECT COUNT(distinct PatientId) FROM Health_Care WHERE Blood_Type = 1;,How many people where Blood_Type is 1;
162,Health_Care,select count of category,SELECT COUNT(distinct PatientId) FROM Health_Care WHERE Blood_Type = 8;,How many people where Blood_Type is 8;
163,Health_Care,select count of category,SELECT COUNT(distinct PatientId) FROM Health_Care WHERE Blood_Type = 0;,How many people where Blood_Type is 0;
164,Health_Care,select count of category,SELECT COUNT(distinct PatientId) FROM Health_Care WHERE Blood_Type = 5;,How many people where Blood_Type is 5;
165,Health_Care,select count of category,SELECT COUNT(distinct PatientId) FROM Health_Care WHERE Blood_Type = 3;,How many people where Blood_Type is 3;
166,Health_Care,select count of category,SELECT COUNT(distinct PatientId) FROM Health_Care WHERE Blood_Type = 10;,How many people where Blood_Type is 10;
167,Health_Care,select count of category,SELECT COUNT(distinct PatientId) FROM Health_Care WHERE Blood_Type = 2;,How many people where Blood_Type is 2;
168,Health_Care,select count of category,SELECT COUNT(distinct PatientId) FROM Health_Care WHERE Blood_Type = 4;,How many people where Blood_Type is 4;
169,Health_Care,select count of category,SELECT COUNT(distinct PatientId) FROM Health_Care WHERE Blood_Type = 7;,How many people where Blood_Type is 7;
170,Health_Care,select count of category,SELECT COUNT(distinct PatientId) FROM Health_Care WHERE Blood_Type = 9;,How many people where Blood_Type is 9;
171,Health_Care,select count of category,SELECT COUNT(distinct PatientId) FROM Health_Care WHERE Blood_Type = 11;,How many people where Blood_Type is 11;
172,Health_Care,select count of category,SELECT COUNT(distinct PatientId) FROM Health_Care WHERE Blood_Type = 13;,How many people where Blood_Type is 13;
173,Health_Care,select count of category,SELECT COUNT(distinct PatientId) FROM Health_Care WHERE Blood_Type = 15;,How many people where Blood_Type is 15;
174,Health_Care,select count of category,SELECT COUNT(distinct PatientId) FROM Health_Care WHERE Blood_Type = 17;,How many people where Blood_Type is 17;
175,Health_Care,select count of category,SELECT COUNT(distinct PatientId) FROM Health_Care WHERE Blood_Type = 12;,How many people where Blood_Type is 12;
176,Health_Care,select count of category,SELECT COUNT(distinct PatientId) FROM Health_Care WHERE Blood_Type = 14;,How many people where Blood_Type is 14;
177,Health_Care,select count of category,SELECT COUNT(distinct PatientId) FROM Health_Care WHERE Date_of_Admission = 6;,How many people where Date_of_Admission is 6;
178,Health_Care,select count of category,SELECT COUNT(distinct PatientId) FROM Health_Care WHERE Date_of_Admission = 1;,How many people where Date_of_Admission is 1;
179,Health_Care,select count of category,SELECT COUNT(distinct PatientId) FROM Health_Care WHERE Date_of_Admission = 8;,How many people where Date_of_Admission is 8;
180,Health_Care,select count of category,SELECT COUNT(distinct PatientId) FROM Health_Care WHERE Date_of_Admission = 0;,How many people where Date_of_Admission is 0;
181,Health_Care,select count of category,SELECT COUNT(distinct PatientId) FROM Health_Care WHERE Date_of_Admission = 5;,How many people where Date_of_Admission is 5;
182,Health_Care,select count of category,SELECT COUNT(distinct PatientId) FROM Health_Care WHERE Date_of_Admission = 3;,How many people where Date_of_Admission is 3;
183,Health_Care,select count of category,SELECT COUNT(distinct PatientId) FROM Health_Care WHERE Date_of_Admission = 10;,How many people where Date_of_Admission is 10;
184,Health_Care,select count of category,SELECT COUNT(distinct PatientId) FROM Health_Care WHERE Date_of_Admission = 2;,How many people where Date_of_Admission is 2;
185,Health_Care,select count of category,SELECT COUNT(distinct PatientId) FROM Health_Care WHERE Date_of_Admission = 4;,How many people where Date_of_Admission is 4;
186,Health_Care,select count of category,SELECT COUNT(distinct PatientId) FROM Health_Care WHERE Date_of_Admission = 7;,How many people where Date_of_Admission is 7;
187,Health_Care,select count of category,SELECT COUNT(distinct PatientId) FROM Health_Care WHERE Date_of_Admission = 9;,How many people where Date_of_Admission is 9;
188,Health_Care,select count of category,SELECT COUNT(distinct PatientId) FROM Health_Care WHERE Date_of_Admission = 11;,How many people where Date_of_Admission is 11;
189,Health_Care,select count of category,SELECT COUNT(distinct PatientId) FROM Health_Care WHERE Date_of_Admission = 13;,How many people where Date_of_Admission is 13;
190,Health_Care,select count of category,SELECT COUNT(distinct PatientId) FROM Health_Care WHERE Date_of_Admission = 15;,How many people where Date_of_Admission is 15;
191,Health_Care,select count of category,SELECT COUNT(distinct PatientId) FROM Health_Care WHERE Date_of_Admission = 17;,How many people where Date_of_Admission is 17;
192,Health_Care,select count of category,SELECT COUNT(distinct PatientId) FROM Health_Care WHERE Date_of_Admission = 12;,How many people where Date_of_Admission is 12;
193,Health_Care,select count of category,SELECT COUNT(distinct PatientId) FROM Health_Care WHERE Date_of_Admission = 14;,How many people where Date_of_Admission is 14;
194,Health_Care,select count of category,SELECT COUNT(distinct PatientId) FROM Health_Care WHERE Discharge_Date = 6;,How many people where Discharge_Date is 6;
195,Health_Care,select count of category,SELECT COUNT(distinct PatientId) FROM Health_Care WHERE Discharge_Date = 1;,How many people where Discharge_Date is 1;
196,Health_Care,select count of category,SELECT COUNT(distinct PatientId) FROM Health_Care WHERE Discharge_Date = 8;,How many people where Discharge_Date is 8;
197,Health_Care,select count of category,SELECT COUNT(distinct PatientId) FROM Health_Care WHERE Discharge_Date = 0;,How many people where Discharge_Date is 0;
198,Health_Care,select count of category,SELECT COUNT(distinct PatientId) FROM Health_Care WHERE Discharge_Date = 5;,How many people where Discharge_Date is 5;
199,Health_Care,select count of category,SELECT COUNT(distinct PatientId) FROM Health_Care WHERE Discharge_Date = 3;,How many people where Discharge_Date is 3;
200,Health_Care,select count of category,SELECT COUNT(distinct PatientId) FROM Health_Care WHERE Discharge_Date = 10;,How many people where Discharge_Date is 10;
201,Health_Care,select count of category,SELECT COUNT(distinct PatientId) FROM Health_Care WHERE Discharge_Date = 2;,How many people where Discharge_Date is 2;
202,Health_Care,select count of category,SELECT COUNT(distinct PatientId) FROM Health_Care WHERE Discharge_Date = 4;,How many people where Discharge_Date is 4;
203,Health_Care,select count of category,SELECT COUNT(distinct PatientId) FROM Health_Care WHERE Discharge_Date = 7;,How many people where Discharge_Date is 7;
204,Health_Care,select count of category,SELECT COUNT(distinct PatientId) FROM Health_Care WHERE Discharge_Date = 9;,How many people where Discharge_Date is 9;
205,Health_Care,select count of category,SELECT COUNT(distinct PatientId) FROM Health_Care WHERE Discharge_Date = 11;,How many people where Discharge_Date is 11;
206,Health_Care,select count of category,SELECT COUNT(distinct PatientId) FROM Health_Care WHERE Discharge_Date = 13;,How many people where Discharge_Date is 13;
207,Health_Care,select count of category,SELECT COUNT(distinct PatientId) FROM Health_Care WHERE Discharge_Date = 15;,How many people where Discharge_Date is 15;
208,Health_Care,select count of category,SELECT COUNT(distinct PatientId) FROM Health_Care WHERE Discharge_Date = 17;,How many people where Discharge_Date is 17;
209,Health_Care,select count of category,SELECT COUNT(distinct PatientId) FROM Health_Care WHERE Discharge_Date = 12;,How many people where Discharge_Date is 12;
210,Health_Care,select count of category,SELECT COUNT(distinct PatientId) FROM Health_Care WHERE Discharge_Date = 14;,How many people where Discharge_Date is 14;
211,Health_Care,select count of category,SELECT COUNT(distinct PatientId) FROM Health_Care WHERE Gender = 6;,How many people where Gender is 6;
212,Health_Care,select count of category,SELECT COUNT(distinct PatientId) FROM Health_Care WHERE Gender = 1;,How many people where Gender is 1;
213,Health_Care,select count of category,SELECT COUNT(distinct PatientId) FROM Health_Care WHERE Gender = 8;,How many people where Gender is 8;
214,Health_Care,select count of category,SELECT COUNT(distinct PatientId) FROM Health_Care WHERE Gender = 0;,How many people where Gender is 0;
215,Health_Care,select count of category,SELECT COUNT(distinct PatientId) FROM Health_Care WHERE Gender = 5;,How many people where Gender is 5;
216,Health_Care,select count of category,SELECT COUNT(distinct PatientId) FROM Health_Care WHERE Gender = 3;,How many people where Gender is 3;
217,Health_Care,select count of category,SELECT COUNT(distinct PatientId) FROM Health_Care WHERE Gender = 10;,How many people where Gender is 10;
218,Health_Care,select count of category,SELECT COUNT(distinct PatientId) FROM Health_Care WHERE Gender = 2;,How many people where Gender is 2;
219,Health_Care,select count of category,SELECT COUNT(distinct PatientId) FROM Health_Care WHERE Gender = 4;,How many people where Gender is 4;
220,Health_Care,select count of category,SELECT COUNT(distinct PatientId) FROM Health_Care WHERE Gender = 7;,How many people where Gender is 7;
221,Health_Care,select count of category,SELECT COUNT(distinct PatientId) FROM Health_Care WHERE Gender = 9;,How many people where Gender is 9;
222,Health_Care,select count of category,SELECT COUNT(distinct PatientId) FROM Health_Care WHERE Gender = 11;,How many people where Gender is 11;
223,Health_Care,select count of category,SELECT COUNT(distinct PatientId) FROM Health_Care WHERE Gender = 13;,How many people where Gender is 13;
224,Health_Care,select count of category,SELECT COUNT(distinct PatientId) FROM Health_Care WHERE Gender = 15;,How many people where Gender is 15;
225,Health_Care,select count of category,SELECT COUNT(distinct PatientId) FROM Health_Care WHERE Gender = 17;,How many people where Gender is 17;
226,Health_Care,select count of category,SELECT COUNT(distinct PatientId) FROM Health_Care WHERE Gender = 12;,How many people where Gender is 12;
227,Health_Care,select count of category,SELECT COUNT(distinct PatientId) FROM Health_Care WHERE Gender = 14;,How many people where Gender is 14;
228,Health_Care,select count of category,SELECT COUNT(distinct PatientId) FROM Health_Care WHERE Insurance_Provider = 6;,How many people where Insurance_Provider is 6;
229,Health_Care,select count of category,SELECT COUNT(distinct PatientId) FROM Health_Care WHERE Insurance_Provider = 1;,How many people where Insurance_Provider is 1;
230,Health_Care,select count of category,SELECT COUNT(distinct PatientId) FROM Health_Care WHERE Insurance_Provider = 8;,How many people where Insurance_Provider is 8;
231,Health_Care,select count of category,SELECT COUNT(distinct PatientId) FROM Health_Care WHERE Insurance_Provider = 0;,How many people where Insurance_Provider is 0;
232,Health_Care,select count of category,SELECT COUNT(distinct PatientId) FROM Health_Care WHERE Insurance_Provider = 5;,How many people where Insurance_Provider is 5;
233,Health_Care,select count of category,SELECT COUNT(distinct PatientId) FROM Health_Care WHERE Insurance_Provider = 3;,How many people where Insurance_Provider is 3;
234,Health_Care,select count of category,SELECT COUNT(distinct PatientId) FROM Health_Care WHERE Insurance_Provider = 10;,How many people where Insurance_Provider is 10;
235,Health_Care,select count of category,SELECT COUNT(distinct PatientId) FROM Health_Care WHERE Insurance_Provider = 2;,How many people where Insurance_Provider is 2;
236,Health_Care,select count of category,SELECT COUNT(distinct PatientId) FROM Health_Care WHERE Insurance_Provider = 4;,How many people where Insurance_Provider is 4;
237,Health_Care,select count of category,SELECT COUNT(distinct PatientId) FROM Health_Care WHERE Insurance_Provider = 7;,How many people where Insurance_Provider is 7;
238,Health_Care,select count of category,SELECT COUNT(distinct PatientId) FROM Health_Care WHERE Insurance_Provider = 9;,How many people where Insurance_Provider is 9;
239,Health_Care,select count of category,SELECT COUNT(distinct PatientId) FROM Health_Care WHERE Insurance_Provider = 11;,How many people where Insurance_Provider is 11;
240,Health_Care,select count of category,SELECT COUNT(distinct PatientId) FROM Health_Care WHERE Insurance_Provider = 13;,How many people where Insurance_Provider is 13;
241,Health_Care,select count of category,SELECT COUNT(distinct PatientId) FROM Health_Care WHERE Insurance_Provider = 15;,How many people where Insurance_Provider is 15;
242,Health_Care,select count of category,SELECT COUNT(distinct PatientId) FROM Health_Care WHERE Insurance_Provider = 17;,How many people where Insurance_Provider is 17;
243,Health_Care,select count of category,SELECT COUNT(distinct PatientId) FROM Health_Care WHERE Insurance_Provider = 12;,How many people where Insurance_Provider is 12;
244,Health_Care,select count of category,SELECT COUNT(distinct PatientId) FROM Health_Care WHERE Insurance_Provider = 14;,How many people where Insurance_Provider is 14;
245,Health_Care,select count of category,SELECT COUNT(distinct PatientId) FROM Health_Care WHERE Medical_Condition = 6;,How many people where Medical_Condition is 6;
246,Health_Care,select count of category,SELECT COUNT(distinct PatientId) FROM Health_Care WHERE Medical_Condition = 1;,How many people where Medical_Condition is 1;
247,Health_Care,select count of category,SELECT COUNT(distinct PatientId) FROM Health_Care WHERE Medical_Condition = 8;,How many people where Medical_Condition is 8;
248,Health_Care,select count of category,SELECT COUNT(distinct PatientId) FROM Health_Care WHERE Medical_Condition = 0;,How many people where Medical_Condition is 0;
249,Health_Care,select count of category,SELECT COUNT(distinct PatientId) FROM Health_Care WHERE Medical_Condition = 5;,How many people where Medical_Condition is 5;
250,Health_Care,select count of category,SELECT COUNT(distinct PatientId) FROM Health_Care WHERE Medical_Condition = 3;,How many people where Medical_Condition is 3;
251,Health_Care,select count of category,SELECT COUNT(distinct PatientId) FROM Health_Care WHERE Medical_Condition = 10;,How many people where Medical_Condition is 10;
252,Health_Care,select count of category,SELECT COUNT(distinct PatientId) FROM Health_Care WHERE Medical_Condition = 2;,How many people where Medical_Condition is 2;
253,Health_Care,select count of category,SELECT COUNT(distinct PatientId) FROM Health_Care WHERE Medical_Condition = 4;,How many people where Medical_Condition is 4;
254,Health_Care,select count of category,SELECT COUNT(distinct PatientId) FROM Health_Care WHERE Medical_Condition = 7;,How many people where Medical_Condition is 7;
255,Health_Care,select count of category,SELECT COUNT(distinct PatientId) FROM Health_Care WHERE Medical_Condition = 9;,How many people where Medical_Condition is 9;
256,Health_Care,select count of category,SELECT COUNT(distinct PatientId) FROM Health_Care WHERE Medical_Condition = 11;,How many people where Medical_Condition is 11;
257,Health_Care,select count of category,SELECT COUNT(distinct PatientId) FROM Health_Care WHERE Medical_Condition = 13;,How many people where Medical_Condition is 13;
258,Health_Care,select count of category,SELECT COUNT(distinct PatientId) FROM Health_Care WHERE Medical_Condition = 15;,How many people where Medical_Condition is 15;
259,Health_Care,select count of category,SELECT COUNT(distinct PatientId) FROM Health_Care WHERE Medical_Condition = 17;,How many people where Medical_Condition is 17;
260,Health_Care,select count of category,SELECT COUNT(distinct PatientId) FROM Health_Care WHERE Medical_Condition = 12;,How many people where Medical_Condition is 12;
261,Health_Care,select count of category,SELECT COUNT(distinct PatientId) FROM Health_Care WHERE Medical_Condition = 14;,How many people where Medical_Condition is 14;
262,Health_Care,select count of category,SELECT COUNT(distinct PatientId) FROM Health_Care WHERE Medication = 6;,How many people where Medication is 6;
263,Health_Care,select count of category,SELECT COUNT(distinct PatientId) FROM Health_Care WHERE Medication = 1;,How many people where Medication is 1;
264,Health_Care,select count of category,SELECT COUNT(distinct PatientId) FROM Health_Care WHERE Medication = 8;,How many people where Medication is 8;
265,Health_Care,select count of category,SELECT COUNT(distinct PatientId) FROM Health_Care WHERE Medication = 0;,How many people where Medication is 0;
266,Health_Care,select count of category,SELECT COUNT(distinct PatientId) FROM Health_Care WHERE Medication = 5;,How many people where Medication is 5;
267,Health_Care,select count of category,SELECT COUNT(distinct PatientId) FROM Health_Care WHERE Medication = 3;,How many people where Medication is 3;
268,Health_Care,select count of category,SELECT COUNT(distinct PatientId) FROM Health_Care WHERE Medication = 10;,How many people where Medication is 10;
269,Health_Care,select count of category,SELECT COUNT(distinct PatientId) FROM Health_Care WHERE Medication = 2;,How many people where Medication is 2;
270,Health_Care,select count of category,SELECT COUNT(distinct PatientId) FROM Health_Care WHERE Medication = 4;,How many people where Medication is 4;
271,Health_Care,select count of category,SELECT COUNT(distinct PatientId) FROM Health_Care WHERE Medication = 7;,How many people where Medication is 7;
272,Health_Care,select count of category,SELECT COUNT(distinct PatientId) FROM Health_Care WHERE Medication = 9;,How many people where Medication is 9;
273,Health_Care,select count of category,SELECT COUNT(distinct PatientId) FROM Health_Care WHERE Medication = 11;,How many people where Medication is 11;
274,Health_Care,select count of category,SELECT COUNT(distinct PatientId) FROM Health_Care WHERE Medication = 13;,How many people where Medication is 13;
275,Health_Care,select count of category,SELECT COUNT(distinct PatientId) FROM Health_Care WHERE Medication = 15;,How many people where Medication is 15;
276,Health_Care,select count of category,SELECT COUNT(distinct PatientId) FROM Health_Care WHERE Medication = 17;,How many people where Medication is 17;
277,Health_Care,select count of category,SELECT COUNT(distinct PatientId) FROM Health_Care WHERE Medication = 12;,How many people where Medication is 12;
278,Health_Care,select count of category,SELECT COUNT(distinct PatientId) FROM Health_Care WHERE Medication = 14;,How many people where Medication is 14;
279,Health_Care,select count of category,SELECT COUNT(distinct PatientId) FROM Health_Care WHERE Room_Number = 6;,How many people where Room_Number is 6;
280,Health_Care,select count of category,SELECT COUNT(distinct PatientId) FROM Health_Care WHERE Room_Number = 1;,How many people where Room_Number is 1;
281,Health_Care,select count of category,SELECT COUNT(distinct PatientId) FROM Health_Care WHERE Room_Number = 8;,How many people where Room_Number is 8;
282,Health_Care,select count of category,SELECT COUNT(distinct PatientId) FROM Health_Care WHERE Room_Number = 0;,How many people where Room_Number is 0;
283,Health_Care,select count of category,SELECT COUNT(distinct PatientId) FROM Health_Care WHERE Room_Number = 5;,How many people where Room_Number is 5;
284,Health_Care,select count of category,SELECT COUNT(distinct PatientId) FROM Health_Care WHERE Room_Number = 3;,How many people where Room_Number is 3;
285,Health_Care,select count of category,SELECT COUNT(distinct PatientId) FROM Health_Care WHERE Room_Number = 10;,How many people where Room_Number is 10;
286,Health_Care,select count of category,SELECT COUNT(distinct PatientId) FROM Health_Care WHERE Room_Number = 2;,How many people where Room_Number is 2;
287,Health_Care,select count of category,SELECT COUNT(distinct PatientId) FROM Health_Care WHERE Room_Number = 4;,How many people where Room_Number is 4;
288,Health_Care,select count of category,SELECT COUNT(distinct PatientId) FROM Health_Care WHERE Room_Number = 7;,How many people where Room_Number is 7;
289,Health_Care,select count of category,SELECT COUNT(distinct PatientId) FROM Health_Care WHERE Room_Number = 9;,How many people where Room_Number is 9;
290,Health_Care,select count of category,SELECT COUNT(distinct PatientId) FROM Health_Care WHERE Room_Number = 11;,How many people where Room_Number is 11;
291,Health_Care,select count of category,SELECT COUNT(distinct PatientId) FROM Health_Care WHERE Room_Number = 13;,How many people where Room_Number is 13;
292,Health_Care,select count of category,SELECT COUNT(distinct PatientId) FROM Health_Care WHERE Room_Number = 15;,How many people where Room_Number is 15;
293,Health_Care,select count of category,SELECT COUNT(distinct PatientId) FROM Health_Care WHERE Room_Number = 17;,How many people where Room_Number is 17;
294,Health_Care,select count of category,SELECT COUNT(distinct PatientId) FROM Health_Care WHERE Room_Number = 12;,How many people where Room_Number is 12;
295,Health_Care,select count of category,SELECT COUNT(distinct PatientId) FROM Health_Care WHERE Room_Number = 14;,How many people where Room_Number is 14;
296,Health_Care,select count of category,SELECT COUNT(distinct PatientId) FROM Health_Care WHERE Test_Results = 6;,How many people where Test_Results is 6;
297,Health_Care,select count of category,SELECT COUNT(distinct PatientId) FROM Health_Care WHERE Test_Results = 1;,How many people where Test_Results is 1;
298,Health_Care,select count of category,SELECT COUNT(distinct PatientId) FROM Health_Care WHERE Test_Results = 8;,How many people where Test_Results is 8;
299,Health_Care,select count of category,SELECT COUNT(distinct PatientId) FROM Health_Care WHERE Test_Results = 0;,How many people where Test_Results is 0;
300,Health_Care,select count of category,SELECT COUNT(distinct PatientId) FROM Health_Care WHERE Test_Results = 5;,How many people where Test_Results is 5;
301,Health_Care,select count of category,SELECT COUNT(distinct PatientId) FROM Health_Care WHERE Test_Results = 3;,How many people where Test_Results is 3;
302,Health_Care,select count of category,SELECT COUNT(distinct PatientId) FROM Health_Care WHERE Test_Results = 10;,How many people where Test_Results is 10;
303,Health_Care,select count of category,SELECT COUNT(distinct PatientId) FROM Health_Care WHERE Test_Results = 2;,How many people where Test_Results is 2;
304,Health_Care,select count of category,SELECT COUNT(distinct PatientId) FROM Health_Care WHERE Test_Results = 4;,How many people where Test_Results is 4;
305,Health_Care,select count of category,SELECT COUNT(distinct PatientId) FROM Health_Care WHERE Test_Results = 7;,How many people where Test_Results is 7;
306,Health_Care,select count of category,SELECT COUNT(distinct PatientId) FROM Health_Care WHERE Test_Results = 9;,How many people where Test_Results is 9;
307,Health_Care,select count of category,SELECT COUNT(distinct PatientId) FROM Health_Care WHERE Test_Results = 11;,How many people where Test_Results is 11;
308,Health_Care,select count of category,SELECT COUNT(distinct PatientId) FROM Health_Care WHERE Test_Results = 13;,How many people where Test_Results is 13;
309,Health_Care,select count of category,SELECT COUNT(distinct PatientId) FROM Health_Care WHERE Test_Results = 15;,How many people where Test_Results is 15;
310,Health_Care,select count of category,SELECT COUNT(distinct PatientId) FROM Health_Care WHERE Test_Results = 17;,How many people where Test_Results is 17;
311,Health_Care,select count of category,SELECT COUNT(distinct PatientId) FROM Health_Care WHERE Test_Results = 12;,How many people where Test_Results is 12;
312,Health_Care,select count of category,SELECT COUNT(distinct PatientId) FROM Health_Care WHERE Test_Results = 14;,How many people where Test_Results is 14;
313,Titanic,select count of category,SELECT COUNT(distinct PassengerId) FROM Titanic WHERE boarded = 6;,How many passengers where boarded is 6;
314,Titanic,select count of category,SELECT COUNT(distinct PassengerId) FROM Titanic WHERE boarded = 1;,How many passengers where boarded is 1;
315,Titanic,select count of category,SELECT COUNT(distinct PassengerId) FROM Titanic WHERE boarded = 8;,How many passengers where boarded is 8;
316,Titanic,select count of category,SELECT COUNT(distinct PassengerId) FROM Titanic WHERE boarded = 0;,How many passengers where boarded is 0;
317,Titanic,select count of category,SELECT COUNT(distinct PassengerId) FROM Titanic WHERE boarded = 5;,How many passengers where boarded is 5;
318,Titanic,select count of category,SELECT COUNT(distinct PassengerId) FROM Titanic WHERE boarded = 3;,How many passengers where boarded is 3;
319,Titanic,select count of category,SELECT COUNT(distinct PassengerId) FROM Titanic WHERE boarded = 10;,How many passengers where boarded is 10;
320,Titanic,select count of category,SELECT COUNT(distinct PassengerId) FROM Titanic WHERE boarded = 2;,How many passengers where boarded is 2;
321,Titanic,select count of category,SELECT COUNT(distinct PassengerId) FROM Titanic WHERE boarded = 4;,How many passengers where boarded is 4;
322,Titanic,select count of category,SELECT COUNT(distinct PassengerId) FROM Titanic WHERE boarded = 7;,How many passengers where boarded is 7;
323,Titanic,select count of category,SELECT COUNT(distinct PassengerId) FROM Titanic WHERE boarded = 9;,How many passengers where boarded is 9;
324,Titanic,select count of category,SELECT COUNT(distinct PassengerId) FROM Titanic WHERE boarded = 11;,How many passengers where boarded is 11;
325,Titanic,select count of category,SELECT COUNT(distinct PassengerId) FROM Titanic WHERE boarded = 13;,How many passengers where boarded is 13;
326,Titanic,select count of category,SELECT COUNT(distinct PassengerId) FROM Titanic WHERE boarded = 15;,How many passengers where boarded is 15;
327,Titanic,select count of category,SELECT COUNT(distinct PassengerId) FROM Titanic WHERE boarded = 17;,How many passengers where boarded is 17;
328,Titanic,select count of category,SELECT COUNT(distinct PassengerId) FROM Titanic WHERE boarded = 12;,How many passengers where boarded is 12;
329,Titanic,select count of category,SELECT COUNT(distinct PassengerId) FROM Titanic WHERE boarded = 14;,How many passengers where boarded is 14;
330,Titanic,select count of category,SELECT COUNT(distinct PassengerId) FROM Titanic WHERE class = 6;,How many passengers where class is 6;
331,Titanic,select count of category,SELECT COUNT(distinct PassengerId) FROM Titanic WHERE class = 1;,How many passengers where class is 1;
332,Titanic,select count of category,SELECT COUNT(distinct PassengerId) FROM Titanic WHERE class = 8;,How many passengers where class is 8;
333,Titanic,select count of category,SELECT COUNT(distinct PassengerId) FROM Titanic WHERE class = 0;,How many passengers where class is 0;
334,Titanic,select count of category,SELECT COUNT(distinct PassengerId) FROM Titanic WHERE class = 5;,How many passengers where class is 5;
335,Titanic,select count of category,SELECT COUNT(distinct PassengerId) FROM Titanic WHERE class = 3;,How many passengers where class is 3;
336,Titanic,select count of category,SELECT COUNT(distinct PassengerId) FROM Titanic WHERE class = 10;,How many passengers where class is 10;
337,Titanic,select count of category,SELECT COUNT(distinct PassengerId) FROM Titanic WHERE class = 2;,How many passengers where class is 2;
338,Titanic,select count of category,SELECT COUNT(distinct PassengerId) FROM Titanic WHERE class = 4;,How many passengers where class is 4;
339,Titanic,select count of category,SELECT COUNT(distinct PassengerId) FROM Titanic WHERE class = 7;,How many passengers where class is 7;
340,Titanic,select count of category,SELECT COUNT(distinct PassengerId) FROM Titanic WHERE class = 9;,How many passengers where class is 9;
341,Titanic,select count of category,SELECT COUNT(distinct PassengerId) FROM Titanic WHERE class = 11;,How many passengers where class is 11;
342,Titanic,select count of category,SELECT COUNT(distinct PassengerId) FROM Titanic WHERE class = 13;,How many passengers where class is 13;
343,Titanic,select count of category,SELECT COUNT(distinct PassengerId) FROM Titanic WHERE class = 15;,How many passengers where class is 15;
344,Titanic,select count of category,SELECT COUNT(distinct PassengerId) FROM Titanic WHERE class = 17;,How many passengers where class is 17;
345,Titanic,select count of category,SELECT COUNT(distinct PassengerId) FROM Titanic WHERE class = 12;,How many passengers where class is 12;
346,Titanic,select count of category,SELECT COUNT(distinct PassengerId) FROM Titanic WHERE class = 14;,How many passengers where class is 14;
347,Titanic,select count of category,SELECT COUNT(distinct PassengerId) FROM Titanic WHERE embarked = 6;,How many passengers where embarked is 6;
348,Titanic,select count of category,SELECT COUNT(distinct PassengerId) FROM Titanic WHERE embarked = 1;,How many passengers where embarked is 1;
349,Titanic,select count of category,SELECT COUNT(distinct PassengerId) FROM Titanic WHERE embarked = 8;,How many passengers where embarked is 8;
350,Titanic,select count of category,SELECT COUNT(distinct PassengerId) FROM Titanic WHERE embarked = 0;,How many passengers where embarked is 0;
351,Titanic,select count of category,SELECT COUNT(distinct PassengerId) FROM Titanic WHERE embarked = 5;,How many passengers where embarked is 5;
352,Titanic,select count of category,SELECT COUNT(distinct PassengerId) FROM Titanic WHERE embarked = 3;,How many passengers where embarked is 3;
353,Titanic,select count of category,SELECT COUNT(distinct PassengerId) FROM Titanic WHERE embarked = 10;,How many passengers where embarked is 10;
354,Titanic,select count of category,SELECT COUNT(distinct PassengerId) FROM Titanic WHERE embarked = 2;,How many passengers where embarked is 2;
355,Titanic,select count of category,SELECT COUNT(distinct PassengerId) FROM Titanic WHERE embarked = 4;,How many passengers where embarked is 4;
356,Titanic,select count of category,SELECT COUNT(distinct PassengerId) FROM Titanic WHERE embarked = 7;,How many passengers where embarked is 7;
357,Titanic,select count of category,SELECT COUNT(distinct PassengerId) FROM Titanic WHERE embarked = 9;,How many passengers where embarked is 9;
358,Titanic,select count of category,SELECT COUNT(distinct PassengerId) FROM Titanic WHERE embarked = 11;,How many passengers where embarked is 11;
359,Titanic,select count of category,SELECT COUNT(distinct PassengerId) FROM Titanic WHERE embarked = 13;,How many passengers where embarked is 13;
360,Titanic,select count of category,SELECT COUNT(distinct PassengerId) FROM Titanic WHERE embarked = 15;,How many passengers where embarked is 15;
361,Titanic,select count of category,SELECT COUNT(distinct PassengerId) FROM Titanic WHERE embarked = 17;,How many passengers where embarked is 17;
362,Titanic,select count of category,SELECT COUNT(distinct PassengerId) FROM Titanic WHERE embarked = 12;,How many passengers where embarked is 12;
363,Titanic,select count of category,SELECT COUNT(distinct PassengerId) FROM Titanic WHERE embarked = 14;,How many passengers where embarked is 14;
364,Titanic,select count of category,SELECT COUNT(distinct PassengerId) FROM Titanic WHERE lifeboat = 6;,How many passengers where lifeboat is 6;
365,Titanic,select count of category,SELECT COUNT(distinct PassengerId) FROM Titanic WHERE lifeboat = 1;,How many passengers where lifeboat is 1;
366,Titanic,select count of category,SELECT COUNT(distinct PassengerId) FROM Titanic WHERE lifeboat = 8;,How many passengers where lifeboat is 8;
367,Titanic,select count of category,SELECT COUNT(distinct PassengerId) FROM Titanic WHERE lifeboat = 0;,How many passengers where lifeboat is 0;
368,Titanic,select count of category,SELECT COUNT(distinct PassengerId) FROM Titanic WHERE lifeboat = 5;,How many passengers where lifeboat is 5;
369,Titanic,select count of category,SELECT COUNT(distinct PassengerId) FROM Titanic WHERE lifeboat = 3;,How many passengers where lifeboat is 3;
370,Titanic,select count of category,SELECT COUNT(distinct PassengerId) FROM Titanic WHERE lifeboat = 10;,How many passengers where lifeboat is 10;
371,Titanic,select count of category,SELECT COUNT(distinct PassengerId) FROM Titanic WHERE lifeboat = 2;,How many passengers where lifeboat is 2;
372,Titanic,select count of category,SELECT COUNT(distinct PassengerId) FROM Titanic WHERE lifeboat = 4;,How many passengers where lifeboat is 4;
373,Titanic,select count of category,SELECT COUNT(distinct PassengerId) FROM Titanic WHERE lifeboat = 7;,How many passengers where lifeboat is 7;
374,Titanic,select count of category,SELECT COUNT(distinct PassengerId) FROM Titanic WHERE lifeboat = 9;,How many passengers where lifeboat is 9;
375,Titanic,select count of category,SELECT COUNT(distinct PassengerId) FROM Titanic WHERE lifeboat = 11;,How many passengers where lifeboat is 11;
376,Titanic,select count of category,SELECT COUNT(distinct PassengerId) FROM Titanic WHERE lifeboat = 13;,How many passengers where lifeboat is 13;
377,Titanic,select count of category,SELECT COUNT(distinct PassengerId) FROM Titanic WHERE lifeboat = 15;,How many passengers where lifeboat is 15;
378,Titanic,select count of category,SELECT COUNT(distinct PassengerId) FROM Titanic WHERE lifeboat = 17;,How many passengers where lifeboat is 17;
379,Titanic,select count of category,SELECT COUNT(distinct PassengerId) FROM Titanic WHERE lifeboat = 12;,How many passengers where lifeboat is 12;
380,Titanic,select count of category,SELECT COUNT(distinct PassengerId) FROM Titanic WHERE lifeboat = 14;,How many passengers where lifeboat is 14;
381,Titanic,select count of category,SELECT COUNT(distinct PassengerId) FROM Titanic WHERE parch = 6;,How many passengers where parch is 6;
382,Titanic,select count of category,SELECT COUNT(distinct PassengerId) FROM Titanic WHERE parch = 1;,How many passengers where parch is 1;
383,Titanic,select count of category,SELECT COUNT(distinct PassengerId) FROM Titanic WHERE parch = 8;,How many passengers where parch is 8;
384,Titanic,select count of category,SELECT COUNT(distinct PassengerId) FROM Titanic WHERE parch = 0;,How many passengers where parch is 0;
385,Titanic,select count of category,SELECT COUNT(distinct PassengerId) FROM Titanic WHERE parch = 5;,How many passengers where parch is 5;
386,Titanic,select count of category,SELECT COUNT(distinct PassengerId) FROM Titanic WHERE parch = 3;,How many passengers where parch is 3;
387,Titanic,select count of category,SELECT COUNT(distinct PassengerId) FROM Titanic WHERE parch = 10;,How many passengers where parch is 10;
388,Titanic,select count of category,SELECT COUNT(distinct PassengerId) FROM Titanic WHERE parch = 2;,How many passengers where parch is 2;
389,Titanic,select count of category,SELECT COUNT(distinct PassengerId) FROM Titanic WHERE parch = 4;,How many passengers where parch is 4;
390,Titanic,select count of category,SELECT COUNT(distinct PassengerId) FROM Titanic WHERE parch = 7;,How many passengers where parch is 7;
391,Titanic,select count of category,SELECT COUNT(distinct PassengerId) FROM Titanic WHERE parch = 9;,How many passengers where parch is 9;
392,Titanic,select count of category,SELECT COUNT(distinct PassengerId) FROM Titanic WHERE parch = 11;,How many passengers where parch is 11;
393,Titanic,select count of category,SELECT COUNT(distinct PassengerId) FROM Titanic WHERE parch = 13;,How many passengers where parch is 13;
394,Titanic,select count of category,SELECT COUNT(distinct PassengerId) FROM Titanic WHERE parch = 15;,How many passengers where parch is 15;
395,Titanic,select count of category,SELECT COUNT(distinct PassengerId) FROM Titanic WHERE parch = 17;,How many passengers where parch is 17;
396,Titanic,select count of category,SELECT COUNT(distinct PassengerId) FROM Titanic WHERE parch = 12;,How many passengers where parch is 12;
397,Titanic,select count of category,SELECT COUNT(distinct PassengerId) FROM Titanic WHERE parch = 14;,How many passengers where parch is 14;
398,Titanic,select count of category,SELECT COUNT(distinct PassengerId) FROM Titanic WHERE pclass = 6;,How many passengers where pclass is 6;
399,Titanic,select count of category,SELECT COUNT(distinct PassengerId) FROM Titanic WHERE pclass = 1;,How many passengers where pclass is 1;
400,Titanic,select count of category,SELECT COUNT(distinct PassengerId) FROM Titanic WHERE pclass = 8;,How many passengers where pclass is 8;
401,Titanic,select count of category,SELECT COUNT(distinct PassengerId) FROM Titanic WHERE pclass = 0;,How many passengers where pclass is 0;
402,Titanic,select count of category,SELECT COUNT(distinct PassengerId) FROM Titanic WHERE pclass = 5;,How many passengers where pclass is 5;
403,Titanic,select count of category,SELECT COUNT(distinct PassengerId) FROM Titanic WHERE pclass = 3;,How many passengers where pclass is 3;
404,Titanic,select count of category,SELECT COUNT(distinct PassengerId) FROM Titanic WHERE pclass = 10;,How many passengers where pclass is 10;
405,Titanic,select count of category,SELECT COUNT(distinct PassengerId) FROM Titanic WHERE pclass = 2;,How many passengers where pclass is 2;
406,Titanic,select count of category,SELECT COUNT(distinct PassengerId) FROM Titanic WHERE pclass = 4;,How many passengers where pclass is 4;
407,Titanic,select count of category,SELECT COUNT(distinct PassengerId) FROM Titanic WHERE pclass = 7;,How many passengers where pclass is 7;
408,Titanic,select count of category,SELECT COUNT(distinct PassengerId) FROM Titanic WHERE pclass = 9;,How many passengers where pclass is 9;
409,Titanic,select count of category,SELECT COUNT(distinct PassengerId) FROM Titanic WHERE pclass = 11;,How many passengers where pclass is 11;
410,Titanic,select count of category,SELECT COUNT(distinct PassengerId) FROM Titanic WHERE pclass = 13;,How many passengers where pclass is 13;
411,Titanic,select count of category,SELECT COUNT(distinct PassengerId) FROM Titanic WHERE pclass = 15;,How many passengers where pclass is 15;
412,Titanic,select count of category,SELECT COUNT(distinct PassengerId) FROM Titanic WHERE pclass = 17;,How many passengers where pclass is 17;
413,Titanic,select count of category,SELECT COUNT(distinct PassengerId) FROM Titanic WHERE pclass = 12;,How many passengers where pclass is 12;
414,Titanic,select count of category,SELECT COUNT(distinct PassengerId) FROM Titanic WHERE pclass = 14;,How many passengers where pclass is 14;
415,Titanic,select count of category,SELECT COUNT(distinct PassengerId) FROM Titanic WHERE sex = 6;,How many passengers where sex is 6;
416,Titanic,select count of category,SELECT COUNT(distinct PassengerId) FROM Titanic WHERE sex = 1;,How many passengers where sex is 1;
417,Titanic,select count of category,SELECT COUNT(distinct PassengerId) FROM Titanic WHERE sex = 8;,How many passengers where sex is 8;
418,Titanic,select count of category,SELECT COUNT(distinct PassengerId) FROM Titanic WHERE sex = 0;,How many passengers where sex is 0;
419,Titanic,select count of category,SELECT COUNT(distinct PassengerId) FROM Titanic WHERE sex = 5;,How many passengers where sex is 5;
420,Titanic,select count of category,SELECT COUNT(distinct PassengerId) FROM Titanic WHERE sex = 3;,How many passengers where sex is 3;
421,Titanic,select count of category,SELECT COUNT(distinct PassengerId) FROM Titanic WHERE sex = 10;,How many passengers where sex is 10;
422,Titanic,select count of category,SELECT COUNT(distinct PassengerId) FROM Titanic WHERE sex = 2;,How many passengers where sex is 2;
423,Titanic,select count of category,SELECT COUNT(distinct PassengerId) FROM Titanic WHERE sex = 4;,How many passengers where sex is 4;
424,Titanic,select count of category,SELECT COUNT(distinct PassengerId) FROM Titanic WHERE sex = 7;,How many passengers where sex is 7;
425,Titanic,select count of category,SELECT COUNT(distinct PassengerId) FROM Titanic WHERE sex = 9;,How many passengers where sex is 9;
426,Titanic,select count of category,SELECT COUNT(distinct PassengerId) FROM Titanic WHERE sex = 11;,How many passengers where sex is 11;
427,Titanic,select count of category,SELECT COUNT(distinct PassengerId) FROM Titanic WHERE sex = 13;,How many passengers where sex is 13;
428,Titanic,select count of category,SELECT COUNT(distinct PassengerId) FROM Titanic WHERE sex = 15;,How many passengers where sex is 15;
429,Titanic,select count of category,SELECT COUNT(distinct PassengerId) FROM Titanic WHERE sex = 17;,How many passengers where sex is 17;
430,Titanic,select count of category,SELECT COUNT(distinct PassengerId) FROM Titanic WHERE sex = 12;,How many passengers where sex is 12;
431,Titanic,select count of category,SELECT COUNT(distinct PassengerId) FROM Titanic WHERE sex = 14;,How many passengers where sex is 14;
432,Titanic,select count of category,SELECT COUNT(distinct PassengerId) FROM Titanic WHERE sibsp = 6;,How many passengers where sibsp is 6;
433,Titanic,select count of category,SELECT COUNT(distinct PassengerId) FROM Titanic WHERE sibsp = 1;,How many passengers where sibsp is 1;
434,Titanic,select count of category,SELECT COUNT(distinct PassengerId) FROM Titanic WHERE sibsp = 8;,How many passengers where sibsp is 8;
435,Titanic,select count of category,SELECT COUNT(distinct PassengerId) FROM Titanic WHERE sibsp = 0;,How many passengers where sibsp is 0;
436,Titanic,select count of category,SELECT COUNT(distinct PassengerId) FROM Titanic WHERE sibsp = 5;,How many passengers where sibsp is 5;
437,Titanic,select count of category,SELECT COUNT(distinct PassengerId) FROM Titanic WHERE sibsp = 3;,How many passengers where sibsp is 3;
438,Titanic,select count of category,SELECT COUNT(distinct PassengerId) FROM Titanic WHERE sibsp = 10;,How many passengers where sibsp is 10;
439,Titanic,select count of category,SELECT COUNT(distinct PassengerId) FROM Titanic WHERE sibsp = 2;,How many passengers where sibsp is 2;
440,Titanic,select count of category,SELECT COUNT(distinct PassengerId) FROM Titanic WHERE sibsp = 4;,How many passengers where sibsp is 4;
441,Titanic,select count of category,SELECT COUNT(distinct PassengerId) FROM Titanic WHERE sibsp = 7;,How many passengers where sibsp is 7;
442,Titanic,select count of category,SELECT COUNT(distinct PassengerId) FROM Titanic WHERE sibsp = 9;,How many passengers where sibsp is 9;
443,Titanic,select count of category,SELECT COUNT(distinct PassengerId) FROM Titanic WHERE sibsp = 11;,How many passengers where sibsp is 11;
444,Titanic,select count of category,SELECT COUNT(distinct PassengerId) FROM Titanic WHERE sibsp = 13;,How many passengers where sibsp is 13;
445,Titanic,select count of category,SELECT COUNT(distinct PassengerId) FROM Titanic WHERE sibsp = 15;,How many passengers where sibsp is 15;
446,Titanic,select count of category,SELECT COUNT(distinct PassengerId) FROM Titanic WHERE sibsp = 17;,How many passengers where sibsp is 17;
447,Titanic,select count of category,SELECT COUNT(distinct PassengerId) FROM Titanic WHERE sibsp = 12;,How many passengers where sibsp is 12;
448,Titanic,select count of category,SELECT COUNT(distinct PassengerId) FROM Titanic WHERE sibsp = 14;,How many passengers where sibsp is 14;
449,Titanic,select count of category,SELECT COUNT(distinct PassengerId) FROM Titanic WHERE survived = 6;,How many passengers where survived is 6;
450,Titanic,select count of category,SELECT COUNT(distinct PassengerId) FROM Titanic WHERE survived = 1;,How many passengers where survived is 1;
451,Titanic,select count of category,SELECT COUNT(distinct PassengerId) FROM Titanic WHERE survived = 8;,How many passengers where survived is 8;
452,Titanic,select count of category,SELECT COUNT(distinct PassengerId) FROM Titanic WHERE survived = 0;,How many passengers where survived is 0;
453,Titanic,select count of category,SELECT COUNT(distinct PassengerId) FROM Titanic WHERE survived = 5;,How many passengers where survived is 5;
454,Titanic,select count of category,SELECT COUNT(distinct PassengerId) FROM Titanic WHERE survived = 3;,How many passengers where survived is 3;
455,Titanic,select count of category,SELECT COUNT(distinct PassengerId) FROM Titanic WHERE survived = 10;,How many passengers where survived is 10;
456,Titanic,select count of category,SELECT COUNT(distinct PassengerId) FROM Titanic WHERE survived = 2;,How many passengers where survived is 2;
457,Titanic,select count of category,SELECT COUNT(distinct PassengerId) FROM Titanic WHERE survived = 4;,How many passengers where survived is 4;
458,Titanic,select count of category,SELECT COUNT(distinct PassengerId) FROM Titanic WHERE survived = 7;,How many passengers where survived is 7;
459,Titanic,select count of category,SELECT COUNT(distinct PassengerId) FROM Titanic WHERE survived = 9;,How many passengers where survived is 9;
460,Titanic,select count of category,SELECT COUNT(distinct PassengerId) FROM Titanic WHERE survived = 11;,How many passengers where survived is 11;
461,Titanic,select count of category,SELECT COUNT(distinct PassengerId) FROM Titanic WHERE survived = 13;,How many passengers where survived is 13;
462,Titanic,select count of category,SELECT COUNT(distinct PassengerId) FROM Titanic WHERE survived = 15;,How many passengers where survived is 15;
463,Titanic,select count of category,SELECT COUNT(distinct PassengerId) FROM Titanic WHERE survived = 17;,How many passengers where survived is 17;
464,Titanic,select count of category,SELECT COUNT(distinct PassengerId) FROM Titanic WHERE survived = 12;,How many passengers where survived is 12;
465,Titanic,select count of category,SELECT COUNT(distinct PassengerId) FROM Titanic WHERE survived = 14;,How many passengers where survived is 14;
466,Heart,select count of category,SELECT COUNT(distinct patient_id) FROM Heart WHERE chestpaintype = 'ATA';,How many patients where chestpaintype is 'ATA';
467,Heart,select count of category,SELECT COUNT(distinct patient_id) FROM Heart WHERE chestpaintype = 'NAP';,How many patients where chestpaintype is 'NAP';
468,Heart,select count of category,SELECT COUNT(distinct patient_id) FROM Heart WHERE chestpaintype = 'ASY';,How many patients where chestpaintype is 'ASY';
469,Heart,select count of category,SELECT COUNT(distinct patient_id) FROM Heart WHERE chestpaintype = 'TA';,How many patients where chestpaintype is 'TA';
470,Heart,select count of category,SELECT COUNT(distinct patient_id) FROM Heart WHERE exerciseangina = 'N';,How many patients where exerciseangina is 'N';
471,Heart,select count of category,SELECT COUNT(distinct patient_id) FROM Heart WHERE exerciseangina = 'Y';,How many patients where exerciseangina is 'Y';
472,Heart,select count of category,SELECT COUNT(distinct patient_id) FROM Heart WHERE fastingbs = 0;,How many patients where fastingbs is 0;
473,Heart,select count of category,SELECT COUNT(distinct patient_id) FROM Heart WHERE fastingbs = 1;,How many patients where fastingbs is 1;
474,Heart,select count of category,SELECT COUNT(distinct patient_id) FROM Heart WHERE heartdisease = 0;,How many patients where heartdisease is 0;
475,Heart,select count of category,SELECT COUNT(distinct patient_id) FROM Heart WHERE heartdisease = 1;,How many patients where heartdisease is 1;
476,Heart,select count of category,SELECT COUNT(distinct patient_id) FROM Heart WHERE restingecg = 'Normal';,How many patients where restingecg is 'Normal';
477,Heart,select count of category,SELECT COUNT(distinct patient_id) FROM Heart WHERE restingecg = 'ST';,How many patients where restingecg is 'ST';
478,Heart,select count of category,SELECT COUNT(distinct patient_id) FROM Heart WHERE restingecg = 'LVH';,How many patients where restingecg is 'LVH';
479,Heart,select count of category,SELECT COUNT(distinct patient_id) FROM Heart WHERE sex = 'M';,How many patients where sex is 'M';
480,Heart,select count of category,SELECT COUNT(distinct patient_id) FROM Heart WHERE sex = 'F';,How many patients where sex is 'F';
481,Heart,select count of category,SELECT COUNT(distinct patient_id) FROM Heart WHERE st_slope = 'Up';,How many patients where st_slope is 'Up';
482,Heart,select count of category,SELECT COUNT(distinct patient_id) FROM Heart WHERE st_slope = 'Flat';,How many patients where st_slope is 'Flat';
483,Heart,select count of category,SELECT COUNT(distinct patient_id) FROM Heart WHERE st_slope = 'Down';,How many patients where st_slope is 'Down';
484,HealtheLink,select count of category,SELECT COUNT(distinct Research_ID) FROM HealtheLink WHERE ADI_State = 'UNKNOWN';,How many WNY Patients where ADI_State is 'UNKNOWN';
485,HealtheLink,select count of category,SELECT COUNT(distinct Research_ID) FROM HealtheLink WHERE ADI_State = 10;,How many WNY Patients where ADI_State is 10;
486,HealtheLink,select count of category,SELECT COUNT(distinct Research_ID) FROM HealtheLink WHERE ADI_State = 7;,How many WNY Patients where ADI_State is 7;
487,HealtheLink,select count of category,SELECT COUNT(distinct Research_ID) FROM HealtheLink WHERE ADI_State = 5;,How many WNY Patients where ADI_State is 5;
488,HealtheLink,select count of category,SELECT COUNT(distinct Research_ID) FROM HealtheLink WHERE ADI_State = 8;,How many WNY Patients where ADI_State is 8;
489,HealtheLink,select count of category,SELECT COUNT(distinct Research_ID) FROM HealtheLink WHERE ADI_State = 9;,How many WNY Patients where ADI_State is 9;
490,HealtheLink,select count of category,SELECT COUNT(distinct Research_ID) FROM HealtheLink WHERE ADI_State = 'P';,How many WNY Patients where ADI_State is 'P';
491,HealtheLink,select count of category,SELECT COUNT(distinct Research_ID) FROM HealtheLink WHERE ADI_State = 6;,How many WNY Patients where ADI_State is 6;
492,HealtheLink,select count of category,SELECT COUNT(distinct Research_ID) FROM HealtheLink WHERE Asthma = 'N';,How many WNY Patients where Asthma is 'N';
493,HealtheLink,select count of category,SELECT COUNT(distinct Research_ID) FROM HealtheLink WHERE Asthma = 'Y';,How many WNY Patients where Asthma is 'Y';
494,HealtheLink,select count of category,SELECT COUNT(distinct Research_ID) FROM HealtheLink WHERE BP_Control = nan;,How many WNY Patients where BP_Control is nan;
495,HealtheLink,select count of category,SELECT COUNT(distinct Research_ID) FROM HealtheLink WHERE BP_Control = 'No';,How many WNY Patients where BP_Control is 'No';
496,HealtheLink,select count of category,SELECT COUNT(distinct Research_ID) FROM HealtheLink WHERE BP_Control = 'Yes';,How many WNY Patients where BP_Control is 'Yes';
497,HealtheLink,select count of category,SELECT COUNT(distinct Research_ID) FROM HealtheLink WHERE Breast_Cancer_Screening = 'N';,How many WNY Patients where Breast_Cancer_Screening is 'N';
498,HealtheLink,select count of category,SELECT COUNT(distinct Research_ID) FROM HealtheLink WHERE Breast_Cancer_Screening = 'Y';,How many WNY Patients where Breast_Cancer_Screening is 'Y';
499,HealtheLink,select count of category,SELECT COUNT(distinct Research_ID) FROM HealtheLink WHERE Cervical_Cancer_Screening = 'N';,How many WNY Patients where Cervical_Cancer_Screening is 'N';
500,HealtheLink,select count of category,SELECT COUNT(distinct Research_ID) FROM HealtheLink WHERE Cervical_Cancer_Screening = 'Y';,How many WNY Patients where Cervical_Cancer_Screening is 'Y';
501,HealtheLink,select count of category,SELECT COUNT(distinct Research_ID) FROM HealtheLink WHERE Colorectal_Cancer_Screening = 'N';,How many WNY Patients where Colorectal_Cancer_Screening is 'N';
502,HealtheLink,select count of category,SELECT COUNT(distinct Research_ID) FROM HealtheLink WHERE Colorectal_Cancer_Screening = 'Y';,How many WNY Patients where Colorectal_Cancer_Screening is 'Y';
503,HealtheLink,select count of category,SELECT COUNT(distinct Research_ID) FROM HealtheLink WHERE County = 'NIAGARA';,How many WNY Patients where County is 'NIAGARA';
504,HealtheLink,select count of category,SELECT COUNT(distinct Research_ID) FROM HealtheLink WHERE County = 'ORLEANS';,How many WNY Patients where County is 'ORLEANS';
505,HealtheLink,select count of category,SELECT COUNT(distinct Research_ID) FROM HealtheLink WHERE County = 'ALLEGANY';,How many WNY Patients where County is 'ALLEGANY';
506,HealtheLink,select count of category,SELECT COUNT(distinct Research_ID) FROM HealtheLink WHERE County = 'ERIE';,How many WNY Patients where County is 'ERIE';
507,HealtheLink,select count of category,SELECT COUNT(distinct Research_ID) FROM HealtheLink WHERE County = 'CATTARAUGUS';,How many WNY Patients where County is 'CATTARAUGUS';
508,HealtheLink,select count of category,SELECT COUNT(distinct Research_ID) FROM HealtheLink WHERE County = 'GENESEE';,How many WNY Patients where County is 'GENESEE';
509,HealtheLink,select count of category,SELECT COUNT(distinct Research_ID) FROM HealtheLink WHERE County = 'CHAUTAUQUA';,How many WNY Patients where County is 'CHAUTAUQUA';
510,HealtheLink,select count of category,SELECT COUNT(distinct Research_ID) FROM HealtheLink WHERE County = 'WYOMING';,How many WNY Patients where County is 'WYOMING';
511,HealtheLink,select count of category,SELECT COUNT(distinct Research_ID) FROM HealtheLink WHERE Diabetes = 'N';,How many WNY Patients where Diabetes is 'N';
512,HealtheLink,select count of category,SELECT COUNT(distinct Research_ID) FROM HealtheLink WHERE Diabetes = 'Y';,How many WNY Patients where Diabetes is 'Y';
513,HealtheLink,select count of category,SELECT COUNT(distinct Research_ID) FROM HealtheLink WHERE Diabetes_Poor_Control = nan;,How many WNY Patients where Diabetes_Poor_Control is nan;
514,HealtheLink,select count of category,SELECT COUNT(distinct Research_ID) FROM HealtheLink WHERE Diabetes_Poor_Control = 'No';,How many WNY Patients where Diabetes_Poor_Control is 'No';
515,HealtheLink,select count of category,SELECT COUNT(distinct Research_ID) FROM HealtheLink WHERE Diabetes_Poor_Control = 'Yes';,How many WNY Patients where Diabetes_Poor_Control is 'Yes';
516,HealtheLink,select count of category,SELECT COUNT(distinct Research_ID) FROM HealtheLink WHERE Diabetes_Type = nan;,How many WNY Patients where Diabetes_Type is nan;
517,HealtheLink,select count of category,SELECT COUNT(distinct Research_ID) FROM HealtheLink WHERE Diabetes_Type = 'Type 2';,How many WNY Patients where Diabetes_Type is 'Type 2';
518,HealtheLink,select count of category,SELECT COUNT(distinct Research_ID) FROM HealtheLink WHERE Diabetes_Type = 'Other';,How many WNY Patients where Diabetes_Type is 'Other';
519,HealtheLink,select count of category,SELECT COUNT(distinct Research_ID) FROM HealtheLink WHERE Ethnicity = 'NOT HISPANIC OR LATINO';,How many WNY Patients where Ethnicity is 'NOT HISPANIC OR LATINO';
520,HealtheLink,select count of category,SELECT COUNT(distinct Research_ID) FROM HealtheLink WHERE Ethnicity = 'UNKNOWN';,How many WNY Patients where Ethnicity is 'UNKNOWN';
521,HealtheLink,select count of category,SELECT COUNT(distinct Research_ID) FROM HealtheLink WHERE Ethnicity = 'HISPANIC OR LATINO';,How many WNY Patients where Ethnicity is 'HISPANIC OR LATINO';
522,HealtheLink,select count of category,SELECT COUNT(distinct Research_ID) FROM HealtheLink WHERE HbA1c_Result = nan;,How many WNY Patients where HbA1c_Result is nan;
523,HealtheLink,select count of category,SELECT COUNT(distinct Research_ID) FROM HealtheLink WHERE HbA1c_Result = 10.0;,How many WNY Patients where HbA1c_Result is 10.0;
524,HealtheLink,select count of category,SELECT COUNT(distinct Research_ID) FROM HealtheLink WHERE HbA1c_Result = 7.3;,How many WNY Patients where HbA1c_Result is 7.3;
525,HealtheLink,select count of category,SELECT COUNT(distinct Research_ID) FROM HealtheLink WHERE HbA1c_Result = 5.7;,How many WNY Patients where HbA1c_Result is 5.7;
526,HealtheLink,select count of category,SELECT COUNT(distinct Research_ID) FROM HealtheLink WHERE HbA1c_Result = 7.7;,How many WNY Patients where HbA1c_Result is 7.7;
527,HealtheLink,select count of category,SELECT COUNT(distinct Research_ID) FROM HealtheLink WHERE HbA1c_Result = 8.1;,How many WNY Patients where HbA1c_Result is 8.1;
528,HealtheLink,select count of category,SELECT COUNT(distinct Research_ID) FROM HealtheLink WHERE HbA1c_Result = 9.2;,How many WNY Patients where HbA1c_Result is 9.2;
529,HealtheLink,select count of category,SELECT COUNT(distinct Research_ID) FROM HealtheLink WHERE HbA1c_Result = 8.5;,How many WNY Patients where HbA1c_Result is 8.5;
530,HealtheLink,select count of category,SELECT COUNT(distinct Research_ID) FROM HealtheLink WHERE HbA1c_Result = 6.3;,How many WNY Patients where HbA1c_Result is 6.3;
531,HealtheLink,select count of category,SELECT COUNT(distinct Research_ID) FROM HealtheLink WHERE HbA1c_Result = 6.1;,How many WNY Patients where HbA1c_Result is 6.1;
532,HealtheLink,select count of category,SELECT COUNT(distinct Research_ID) FROM HealtheLink WHERE HbA1c_Result = 6.2;,How many WNY Patients where HbA1c_Result is 6.2;
533,HealtheLink,select count of category,SELECT COUNT(distinct Research_ID) FROM HealtheLink WHERE HbA1c_Result = 5.6;,How many WNY Patients where HbA1c_Result is 5.6;
534,HealtheLink,select count of category,SELECT COUNT(distinct Research_ID) FROM HealtheLink WHERE HbA1c_Result = 7.0;,How many WNY Patients where HbA1c_Result is 7.0;
535,HealtheLink,select count of category,SELECT COUNT(distinct Research_ID) FROM HealtheLink WHERE HbA1c_Result = 7.8;,How many WNY Patients where HbA1c_Result is 7.8;
536,HealtheLink,select count of category,SELECT COUNT(distinct Research_ID) FROM HealtheLink WHERE HbA1c_Result = 7.2;,How many WNY Patients where HbA1c_Result is 7.2;
537,HealtheLink,select count of category,SELECT COUNT(distinct Research_ID) FROM HealtheLink WHERE HbA1c_Result = 6.6;,How many WNY Patients where HbA1c_Result is 6.6;
538,HealtheLink,select count of category,SELECT COUNT(distinct Research_ID) FROM HealtheLink WHERE HbA1c_Result = 8.9;,How many WNY Patients where HbA1c_Result is 8.9;
539,HealtheLink,select count of category,SELECT COUNT(distinct Research_ID) FROM HealtheLink WHERE HbA1c_Result = 8.7;,How many WNY Patients where HbA1c_Result is 8.7;
540,HealtheLink,select count of category,SELECT COUNT(distinct Research_ID) FROM HealtheLink WHERE HbA1c_Result = 7.9;,How many WNY Patients where HbA1c_Result is 7.9;
541,HealtheLink,select count of category,SELECT COUNT(distinct Research_ID) FROM HealtheLink WHERE HbA1c_Result = 5.0;,How many WNY Patients where HbA1c_Result is 5.0;
542,HealtheLink,select count of category,SELECT COUNT(distinct Research_ID) FROM HealtheLink WHERE HbA1c_Result = 4.7;,How many WNY Patients where HbA1c_Result is 4.7;
543,HealtheLink,select count of category,SELECT COUNT(distinct Research_ID) FROM HealtheLink WHERE HbA1c_Result = 5.8;,How many WNY Patients where HbA1c_Result is 5.8;
544,HealtheLink,select count of category,SELECT COUNT(distinct Research_ID) FROM HealtheLink WHERE HbA1c_Result = 6.8;,How many WNY Patients where HbA1c_Result is 6.8;
545,HealtheLink,select count of category,SELECT COUNT(distinct Research_ID) FROM HealtheLink WHERE HbA1c_Result = 6.5;,How many WNY Patients where HbA1c_Result is 6.5;
546,HealtheLink,select count of category,SELECT COUNT(distinct Research_ID) FROM HealtheLink WHERE HbA1c_Result = 5.4;,How many WNY Patients where HbA1c_Result is 5.4;
547,HealtheLink,select count of category,SELECT COUNT(distinct Research_ID) FROM HealtheLink WHERE HbA1c_Result = 5.9;,How many WNY Patients where HbA1c_Result is 5.9;
548,HealtheLink,select count of category,SELECT COUNT(distinct Research_ID) FROM HealtheLink WHERE HbA1c_Result = 7.4;,How many WNY Patients where HbA1c_Result is 7.4;
549,HealtheLink,select count of category,SELECT COUNT(distinct Research_ID) FROM HealtheLink WHERE HbA1c_Result = 6.9;,How many WNY Patients where HbA1c_Result is 6.9;
550,HealtheLink,select count of category,SELECT COUNT(distinct Research_ID) FROM HealtheLink WHERE HbA1c_Result = 6.4;,How many WNY Patients where HbA1c_Result is 6.4;
551,HealtheLink,select count of category,SELECT COUNT(distinct Research_ID) FROM HealtheLink WHERE HbA1c_Result = 7.1;,How many WNY Patients where HbA1c_Result is 7.1;
552,HealtheLink,select count of category,SELECT COUNT(distinct Research_ID) FROM HealtheLink WHERE HbA1c_Result = 8.2;,How many WNY Patients where HbA1c_Result is 8.2;
553,HealtheLink,select count of category,SELECT COUNT(distinct Research_ID) FROM HealtheLink WHERE HbA1c_Result = 6.7;,How many WNY Patients where HbA1c_Result is 6.7;
554,HealtheLink,select count of category,SELECT COUNT(distinct Research_ID) FROM HealtheLink WHERE HbA1c_Result = 11.0;,How many WNY Patients where HbA1c_Result is 11.0;
555,HealtheLink,select count of category,SELECT COUNT(distinct Research_ID) FROM HealtheLink WHERE HbA1c_Result = 6.0;,How many WNY Patients where HbA1c_Result is 6.0;
556,HealtheLink,select count of category,SELECT COUNT(distinct Research_ID) FROM HealtheLink WHERE HbA1c_Result = 5.5;,How many WNY Patients where HbA1c_Result is 5.5;
557,HealtheLink,select count of category,SELECT COUNT(distinct Research_ID) FROM HealtheLink WHERE HbA1c_Result = 8.4;,How many WNY Patients where HbA1c_Result is 8.4;
558,HealtheLink,select count of category,SELECT COUNT(distinct Research_ID) FROM HealtheLink WHERE HbA1c_Result = 7.6;,How many WNY Patients where HbA1c_Result is 7.6;
559,HealtheLink,select count of category,SELECT COUNT(distinct Research_ID) FROM HealtheLink WHERE Hypertension = 'N';,How many WNY Patients where Hypertension is 'N';
560,HealtheLink,select count of category,SELECT COUNT(distinct Research_ID) FROM HealtheLink WHERE Hypertension = 'Y';,How many WNY Patients where Hypertension is 'Y';
561,HealtheLink,select count of category,SELECT COUNT(distinct Research_ID) FROM HealtheLink WHERE Obesity = 'N';,How many WNY Patients where Obesity is 'N';
562,HealtheLink,select count of category,SELECT COUNT(distinct Research_ID) FROM HealtheLink WHERE Obesity = 'Y';,How many WNY Patients where Obesity is 'Y';
563,HealtheLink,select count of category,SELECT COUNT(distinct Research_ID) FROM HealtheLink WHERE PD_Type = nan;,How many WNY Patients where PD_Type is nan;
564,HealtheLink,select count of category,SELECT COUNT(distinct Research_ID) FROM HealtheLink WHERE PD_Type = 'UnDiagnosed';,How many WNY Patients where PD_Type is 'UnDiagnosed';
565,HealtheLink,select count of category,SELECT COUNT(distinct Research_ID) FROM HealtheLink WHERE PD_Type = 'Diagnosed';,How many WNY Patients where PD_Type is 'Diagnosed';
566,HealtheLink,select count of category,SELECT COUNT(distinct Research_ID) FROM HealtheLink WHERE PreDiabetes = 'N';,How many WNY Patients where PreDiabetes is 'N';
567,HealtheLink,select count of category,SELECT COUNT(distinct Research_ID) FROM HealtheLink WHERE PreDiabetes = 'Y';,How many WNY Patients where PreDiabetes is 'Y';
568,HealtheLink,select count of category,SELECT COUNT(distinct Research_ID) FROM HealtheLink WHERE Race_Level_1 = 'WHITE';,How many WNY Patients where Race_Level_1 is 'WHITE';
569,HealtheLink,select count of category,SELECT COUNT(distinct Research_ID) FROM HealtheLink WHERE Race_Level_1 = 'UNKNOWN';,How many WNY Patients where Race_Level_1 is 'UNKNOWN';
570,HealtheLink,select count of category,SELECT COUNT(distinct Research_ID) FROM HealtheLink WHERE Race_Level_1 = 'BLACK / AFRICAN AMERICAN';,How many WNY Patients where Race_Level_1 is 'BLACK / AFRICAN AMERICAN';
571,HealtheLink,select count of category,SELECT COUNT(distinct Research_ID) FROM HealtheLink WHERE Race_Level_1 = 'ASIAN';,How many WNY Patients where Race_Level_1 is 'ASIAN';
572,HealtheLink,select count of category,SELECT COUNT(distinct Research_ID) FROM HealtheLink WHERE Race_Level_1 = 'OTHER';,How many WNY Patients where Race_Level_1 is 'OTHER';
573,HealtheLink,select count of category,SELECT COUNT(distinct Research_ID) FROM HealtheLink WHERE Race_Level_1 = 'AMERICAN INDIAN / ALASKAN NATIVE';,How many WNY Patients where Race_Level_1 is 'AMERICAN INDIAN / ALASKAN NATIVE';
574,HealtheLink,select count of category,SELECT COUNT(distinct Research_ID) FROM HealtheLink WHERE Race_Level_2 = 'WHITE';,How many WNY Patients where Race_Level_2 is 'WHITE';
575,HealtheLink,select count of category,SELECT COUNT(distinct Research_ID) FROM HealtheLink WHERE Race_Level_2 = 'UNKNOWN';,How many WNY Patients where Race_Level_2 is 'UNKNOWN';
576,HealtheLink,select count of category,SELECT COUNT(distinct Research_ID) FROM HealtheLink WHERE Race_Level_2 = 'BLACK / AFRICAN AMERICAN';,How many WNY Patients where Race_Level_2 is 'BLACK / AFRICAN AMERICAN';
577,HealtheLink,select count of category,SELECT COUNT(distinct Research_ID) FROM HealtheLink WHERE Race_Level_2 = 'ASIAN';,How many WNY Patients where Race_Level_2 is 'ASIAN';
578,HealtheLink,select count of category,SELECT COUNT(distinct Research_ID) FROM HealtheLink WHERE Race_Level_2 = 'OTHER';,How many WNY Patients where Race_Level_2 is 'OTHER';
579,HealtheLink,select count of category,SELECT COUNT(distinct Research_ID) FROM HealtheLink WHERE Race_Level_2 = 'AMERICAN INDIAN / ALASKAN NATIVE';,How many WNY Patients where Race_Level_2 is 'AMERICAN INDIAN / ALASKAN NATIVE';
580,HealtheLink,select count of category,SELECT COUNT(distinct Research_ID) FROM HealtheLink WHERE Race_Level_2 = 'AMERICAN INDIAN';,How many WNY Patients where Race_Level_2 is 'AMERICAN INDIAN';
581,HealtheLink,select count of category,SELECT COUNT(distinct Research_ID) FROM HealtheLink WHERE Sex = 'UNKNOWN';,How many WNY Patients where Sex is 'UNKNOWN';
582,HealtheLink,select count of category,SELECT COUNT(distinct Research_ID) FROM HealtheLink WHERE Sex = 'FEMALE';,How many WNY Patients where Sex is 'FEMALE';
583,HealtheLink,select count of category,SELECT COUNT(distinct Research_ID) FROM HealtheLink WHERE Sex = 'MALE';,How many WNY Patients where Sex is 'MALE';
584,HealtheLink,select count of category,SELECT COUNT(distinct Research_ID) FROM HealtheLink WHERE Tobacco = 'N';,How many WNY Patients where Tobacco is 'N';
585,HealtheLink,select count of category,SELECT COUNT(distinct Research_ID) FROM HealtheLink WHERE Tobacco = 'Y';,How many WNY Patients where Tobacco is 'Y';
586,HealtheLink,select count of category,SELECT COUNT(distinct Research_ID) FROM HealtheLink WHERE Year = 2019;,How many WNY Patients where Year is 2019;
587,HealtheLink,select count of category,SELECT COUNT(distinct Research_ID) FROM HealtheLink WHERE Year = 2020;,How many WNY Patients where Year is 2020;
588,HealtheLink,select count of category,SELECT COUNT(distinct Research_ID) FROM HealtheLink WHERE Year = 2021;,How many WNY Patients where Year is 2021;
589,HealtheLink,select count of category,SELECT COUNT(distinct Research_ID) FROM HealtheLink WHERE Year = 2022;,How many WNY Patients where Year is 2022;
590,HealtheLink,select count of category,SELECT COUNT(distinct Research_ID) FROM HealtheLink WHERE Year = 2023;,How many WNY Patients where Year is 2023;
